query,dietary_restriction,response,success,error,trace_id,query_id,label,reasoning,confidence,labeled
Nut-free lunch that's safe for my kid's school,nut-free,"Certainly! Here's a tasty, nut-free, school-safe lunch idea: **Chicken and Veggie Wraps**. This is a nutritious and portable option that kids love.

### Ingredients (for 2 servings):
- 2 large whole wheat tortillas
- 1 cooked chicken breast, sliced
- 1 small cucumber, thinly sliced
- 1 small red bell pepper, thinly sliced
- 1 carrot, grated
- 2 tablespoons plain Greek yogurt
- 1 teaspoon Dijon mustard (optional)
- Salt and pepper to taste
- Lettuce leaves (romaine or iceberg)

### Instructions:

1. **Prepare the Spread:**
   - In a small bowl, mix the plain Greek yogurt with the Dijon mustard (if using). Add a pinch of salt and pepper, and stir to combine. This will add flavor and moisture to the wraps.

2. **Warm the Tortillas:**
   - Lightly warm the tortillas in a dry skillet over medium heat for about 10 seconds on each side, or microwave them for 10 seconds. Warming makes them more pliable and easier to roll.

3. **Assemble the Wraps:**
   - Lay each tortilla flat on a clean plate.
   - Spread half of the yogurt mixture evenly over the center of each tortilla, leaving about an inch border.
   - Place a couple of lettuce leaves on top of the spread.
   
4. **Add the Fillings:**
   - Distribute the sliced chicken breast evenly over the lettuce.
   - Top with cucumber slices, red bell pepper strips, and grated carrots.

5. **Roll the Wraps:**
   - Starting from one edge, carefully roll the tortilla tightly over the fillings, tucking in the sides as you go, to form a secure wrap.
   
6. **Slice and Pack:**
   - Slice each wrap diagonally in half to make them easier to eat.
   - Pack them in an airtight container or lunchbox.

### Serving:
- This recipe makes 2 wraps, enough for 2 kids or 1 adult with leftovers.
- You can include a side of fresh fruit or a small yogurt for a complete lunch.

Enjoy this colorful, nutritious, nut-free lunch that's perfect for school!",True,,59_18,59,PASS,"The recipe for Chicken and Veggie Wraps adheres to the nut-free dietary restriction. None of the ingredients listed, such as whole wheat tortillas, chicken breast, cucumber, red bell pepper, carrot, Greek yogurt, Dijon mustard, salt, pepper, and lettuce, contain tree nuts or peanuts. The preparation method does not introduce any risk of cross-contamination with nuts, assuming all ingredients are sourced from nut-free facilities. Therefore, the recipe is suitable for a nut-free diet.",HIGH,True
Halal BBQ recipe for summer,halal,"Absolutely! Here's a delicious **Halal BBQ Chicken Skewers** recipe perfect for a summer cookout. It's flavorful, easy to prepare, and sure to impress!

### Ingredients:
- 2 boneless, skinless chicken breasts (about 1 lb), cut into 1-inch cubes
- 2 tablespoons olive oil
- Juice of 1 lemon
- 3 garlic cloves, minced
- 1 teaspoon ground cumin
- 1 teaspoon ground paprika
- 1/2 teaspoon ground turmeric
- 1/2 teaspoon ground coriander
- 1 teaspoon salt
- 1/2 teaspoon black pepper
- Wooden or metal skewers (if using wooden, soak in water for 30 minutes to prevent burning)
  
### Optional for serving:
- Freshly chopped coriander (cilantro)
- Lemon wedges
- Flatbread or rice

---

### Instructions:

1. **Prepare the Marinade:**
   - In a bowl, combine olive oil, lemon juice, minced garlic, cumin, paprika, turmeric, coriander, salt, and black pepper.
   - Whisk together until well mixed.

2. **Marinate the Chicken:**
   - Add the chicken cubes to the marinade, ensuring they are well coated.
   - Cover the bowl with cling wrap and refrigerate for at least 30 minutes; for more flavor, marinate for up to 2 hours.

3. **Preheat the Grill:**
   - Heat your BBQ grill to medium-high heat (about 375-450°F or 190-230°C).
   - Make sure the grill grates are clean and lightly oiled to prevent sticking.

4. **Skewer the Chicken:**
   - Thread the marinated chicken pieces onto the skewers, leaving a little space between each piece for even cooking.

5. **Grill the Skewers:**
   - Place the skewers on the grill.
   - Cook for about 12-15 minutes total, turning every 3-4 minutes to ensure even charring and thorough cooking.
   - The chicken is ready when it’s cooked through, with a nice char on the outside, and the internal temperature reaches 165°F (75°C).

6. **Serve:**
   - Remove the skewers from the grill and let rest for 2 minutes.
   - Garnish with chopped coriander and serve with lemon wedges.
   - Accompany with flatbread or rice, and enjoy your flavorful halal BBQ!

---

This recipe serves 2 people with hearty, aromatic skewers perfect for summer gatherings. Would you like suggestions for side dishes or sauces?",True,,54_19,54,PASS,"The recipe for Halal BBQ Chicken Skewers adheres to the halal dietary restriction. All ingredients listed, including chicken, olive oil, lemon juice, garlic, and spices, are permissible under halal guidelines. The preparation method does not involve any prohibited practices, such as mixing meat with dairy or using alcohol. The recipe also suggests using halal chicken, which implies proper slaughter according to Islamic law. Optional serving suggestions like flatbread or rice are also generally halal, assuming they do not contain any non-halal additives.",HIGH,True
Comfort food that won't make me feel guilty,vegetarian,"I recommend trying a comforting Chickpea and Vegetable Stir-Fry. It's hearty, nutritious, and light enough not to cause guilt. Perfect for 2 servings.

**Ingredients:**
- 1 can (15 oz) chickpeas, drained and rinsed
- 2 cups mixed vegetables (e.g., bell peppers, broccoli florets, zucchini)
- 2 cloves garlic, minced
- 1 tablespoon olive oil
- 2 tablespoons low-sodium soy sauce or tamari
- 1 teaspoon sesame oil (optional)
- Salt and pepper to taste
- Freshly chopped green onions or cilantro for garnish
- Cooked brown rice or quinoa (for serving, optional)

**Steps:**

1. **Prepare the ingredients:** Drain and rinse the chickpeas. Wash and chop the mixed vegetables into bite-sized pieces. Mince the garlic.

2. **Heat the pan:** Place a large skillet or wok over medium-high heat. Add the olive oil and let it warm.

3. **Sauté the garlic:** Add the minced garlic to the pan. Stir constantly for about 30 seconds until fragrant, being careful not to burn it.

4. **Cook the vegetables:** Add the mixed vegetables to the skillet. Stir-fry for about 5-7 minutes, until they are tender but still vibrant and slightly crisp.

5. **Add chickpeas:** Stir in the chickpeas and cook for another 2-3 minutes, allowing them to heat through.

6. **Season:** Pour in the soy sauce and sesame oil if using. Toss everything well to coat evenly. Season with salt and pepper to taste.

7. **Serve:** Plate the stir-fry over a bed of cooked brown rice or quinoa if desired. Garnish with freshly chopped green onions or cilantro.

This dish is rich in plant-based protein, fiber, and nutrients while being low in calories. Enjoy a warm, comforting meal guilt-free!",True,,43_28,43,PASS,"The recipe for Chickpea and Vegetable Stir-Fry adheres to the vegetarian dietary restriction. It contains no meat or fish, and the inclusion of chickpeas and mixed vegetables provides a good source of plant-based protein and nutrients. The use of olive oil, soy sauce, and optional sesame oil are all vegetarian-friendly. The recipe also suggests serving with brown rice or quinoa, both of which are suitable for a vegetarian diet. There are no ingredients or cooking methods that violate the vegetarian restriction.",HIGH,True
Something not too carb-y for dinner,low-carb,"Certainly! I recommend making a **Garlic Butter Shrimp Skillet**. This dish is flavorful, low in carbs, and perfect for a light dinner for two. Let's get started!

### Garlic Butter Shrimp Skillet

#### Ingredients:
- 1 pound (450g) large shrimp, peeled and deveined
- 3 tablespoons unsalted butter
- 4 cloves garlic, minced
- 1 teaspoon smoked paprika (optional for extra flavor)
- 1 tablespoon olive oil
- Juice of half a lemon
- Salt and freshly ground black pepper, to taste
- Fresh parsley, chopped, for garnish
- Red pepper flakes (optional, for a bit of heat)

#### Instructions:

1. **Prepare the Shrimp:**
   - Rinse the shrimp under cold water and pat dry with paper towels.
   - Season the shrimp generously with salt, black pepper, and smoked paprika.

2. **Cook the Shrimp:**
   - Heat a large skillet over medium-high heat.
   - Add 1 tablespoon of olive oil and 1 tablespoon of butter. Allow the butter to melt and become fragrant, about 1 minute.
   - Place the shrimp in the skillet in a single layer. Cook for about 2-3 minutes on one side until they start turning pink and slightly opaque.
   - Flip the shrimp using tongs or a spatula. Add the remaining 2 tablespoons of butter and minced garlic to the skillet.
   - Cook for another 2-3 minutes, stirring gently to coat the shrimp in the garlic butter mixture, until fully cooked and opaque in the center.

3. **Finish the Dish:**
   - Squeeze the juice of half a lemon over the cooked shrimp.
   - Stir to coat evenly and adjust seasoning with more salt or pepper if needed.
   - If you like a bit of heat, sprinkle some red pepper flakes on top.

4. **Serve:**
   - Garnish with freshly chopped parsley.
   - Serve hot straight from the skillet. This pairs beautifully with steamed vegetables or a light green salad for a low-carb meal.

Enjoy your flavorful, low-carb garlic butter shrimp dinner!",True,,39_17,39,PASS,"The recipe for Garlic Butter Shrimp Skillet adheres to the low-carb dietary restriction. The primary ingredients—shrimp, butter, garlic, olive oil, lemon juice, and spices—are all low in carbohydrates. The recipe does not include any high-carb ingredients such as grains, starchy vegetables, or sugars. The suggested pairings, such as steamed vegetables or a light green salad, can also be low in carbs if chosen appropriately (e.g., leafy greens, broccoli, or zucchini). Therefore, the recipe is suitable for a low-carb diet.",HIGH,True
Raw vegan salad that doesn't taste like grass,raw vegan,"Certainly! Here's a delicious and refreshing raw vegan salad that avoids any grassy or overly earthy flavors—perfect for a light lunch or dinner for two.

### Bright Citrus and Nut Raw Vegan Salad

#### Ingredients:
- 1 large orange or blood orange, peeled and segmented
- 1 cup cherry tomatoes, halved
- 1 small cucumber, thinly sliced
- 1/4 cup red onion, thinly sliced
- 1/4 cup raw walnuts or almonds, roughly chopped
- 2 cups mixed greens (arugula, spinach, or romaine)
- 1 avocado, sliced (optional for creaminess)
- 1 tablespoon extra virgin olive oil
- 1 teaspoon lemon juice
- Salt and freshly ground black pepper, to taste
- A handful of fresh basil or mint leaves, chopped (optional)

#### Instructions:

1. **Prepare the Citrus and Vegetables:**
   - Peel the orange, removing both the skin and the pith. Carefully segment the orange by slicing between the membranes to release individual slices. Set aside.
   - Slice the cherry tomatoes in half.
   - Thinly slice the cucumber and red onion. If you prefer a milder onion flavor, soak the slices in cold water for 5 minutes, then drain.

2. **Combine the Salad:**
   - In a large bowl, place the mixed greens as the base.
   - Scatter the orange segments, cherry tomatoes, cucumber slices, and red onion evenly over the greens.
   - Add the chopped nuts for some crunch and healthy fats.
   - If using, gently layer the avocado slices on top.

3. **Dress the Salad:**
   - Drizzle the olive oil and lemon juice over the salad.
   - Season with a pinch of salt and freshly ground black pepper.
   - Toss gently to combine everything evenly, being careful to keep the orange segments intact.

4. **Finish and Serve:**
   - Garnish with chopped fresh basil or mint for added flavor and freshness.
   - Serve immediately on chilled plates or bowls.

### Serving size:
This recipe serves 2 people as a light main dish or side salad.

Enjoy your vibrant, citrus-infused raw vegan salad—fresh, colorful, and free of grassy flavors!",True,,9_30,9,PASS,"The recipe adheres to the raw vegan dietary restriction as it includes only plant-based ingredients and does not involve any cooking methods that exceed 118°F (48°C). The ingredients listed, such as oranges, cherry tomatoes, cucumber, red onion, mixed greens, raw nuts, avocado, olive oil, lemon juice, and fresh herbs, are all raw and vegan. There are no animal products, and the preparation method involves only chopping and mixing, which aligns with raw vegan principles.",HIGH,True
Gluten-light recipe - I'm not celiac just sensitive,gluten-free,"Certainly! Here's a delicious **Lemon Herb Chicken with Roasted Vegetables** recipe that's gluten-light and perfect for two servings.

---

### Lemon Herb Chicken with Roasted Vegetables

**Ingredients:**
- 2 boneless, skinless chicken breasts
- 1 lemon (zested and juiced)
- 2 cloves garlic, minced
- 2 tbsp olive oil
- 1 tsp dried thyme (or rosemary)
- 1 tsp dried oregano
- Salt and pepper to taste
- 1 large zucchini, sliced into rounds
- 1 red bell pepper, sliced
- 1 small red onion, sliced
- Optional: fresh parsley for garnish

---

### Instructions:

1. **Marinate the Chicken:**
   - In a small bowl, combine the lemon zest, lemon juice, minced garlic, olive oil, thyme, oregano, salt, and pepper.
   - Place the chicken breasts in a shallow dish or a resealable plastic bag.
   - Pour the marinade over the chicken, ensuring it's well coated.
   - Cover and refrigerate for at least 30 minutes, up to 2 hours, to allow flavors to meld.

2. **Preheat the Oven:**
   - Set your oven to 400°F (200°C).
   - Line a baking sheet with parchment paper or a silicone baking mat for easy cleanup.

3. **Prepare the Vegetables:**
   - Toss the zucchini, red bell pepper, and red onion with a tablespoon of olive oil, salt, and pepper.
   - Spread them evenly on one side of the prepared baking sheet.

4. **Cook the Chicken:**
   - Heat a large skillet over medium heat.
   - Remove chicken breasts from marinade, letting excess drip off.
   - Sear the chicken for 3-4 minutes per side until golden brown.
   - Transfer the skillet to the oven (or move the chicken to another baking dish if skillet isn't ovenproof).
   - Alternatively, you can bake the chicken on the same sheet with vegetables.
   - Bake for about 15-20 minutes or until the internal temperature reaches 165°F (75°C).

5. **Finish Roasting:**
   - Roast the vegetables in the oven alongside the chicken for about 15 minutes, until tender and slightly caramelized.

6. **Serve:**
   - Plate the chicken with the roasted vegetables.
   - Garnish with fresh parsley if desired.
   - Squeeze an extra touch of lemon over everything for added brightness.

---

Enjoy your refreshing, gluten-light meal that's full of flavor and perfect for a healthy dinner for two!",True,,48_27,48,FAIL,"The recipe provided is labeled as 'gluten-light,' which suggests it may not be entirely free of gluten but is lower in gluten content. However, the dietary restriction specified is 'gluten-free,' which requires the complete absence of gluten-containing ingredients. The recipe does not explicitly list any gluten-containing ingredients such as wheat, barley, or rye. The ingredients used, such as chicken, lemon, garlic, olive oil, herbs, zucchini, bell pepper, and onion, are naturally gluten-free. The preparation methods do not introduce gluten either. However, the term 'gluten-light' implies that there might be a risk of cross-contamination or trace amounts of gluten, which is not acceptable for a strict gluten-free diet. Therefore, while the recipe itself does not contain gluten ingredients, the labeling and potential for cross-contamination do not fully adhere to a strict gluten-free requirement.",MEDIUM,True
Vegetarian pizza but I don't like mushrooms or bell peppers,vegetarian,"Certainly! Let's make a delicious Vegetarian Margherita Pizza without mushrooms or bell peppers. This simple yet flavorful recipe highlights fresh tomatoes, mozzarella, basil, and a crispy crust. Here's how to prepare it for two people:

### Ingredients:
- 1 store-bought or homemade pizza dough (about 200g)
- 2 medium ripe tomatoes
- 1 cup fresh mozzarella cheese, sliced
- 2-3 fresh basil leaves
- 1-2 tablespoons olive oil
- 1 teaspoon dried oregano (optional)
- Salt and freshly ground black pepper to taste
- Cornmeal or a little flour for dusting

### Instructions:

**1. Prepare and preheat the oven:**  
Preheat your oven to 475°F (245°C). If you have a pizza stone, place it in the oven while preheating to ensure a crispy crust; otherwise, a baking sheet will work.

**2. Roll out the dough:**  
Lightly dust your work surface with flour or cornmeal. Roll out the pizza dough into a 12-inch circle, roughly 1/4-inch thick. If you prefer a thinner crust, roll it out more.

**3. Assemble the pizza:**  
Transfer the rolled-out dough onto a piece of parchment paper (for easy transfer). Drizzle a little olive oil over the surface, spreading it evenly.  
Arrange the mozzarella slices evenly over the dough, leaving about an inch around the edges for the crust.  

**4. Prepare the tomatoes:**  
Slice the fresh tomatoes into thin rounds. Place the slices evenly over the cheese, covering most of the surface. If you like, sprinkle a pinch of salt, black pepper, and oregano over the toppings for extra flavor.

**5. Bake the pizza:**  
If using a pizza stone, carefully slide the parchment with the pizza onto the preheated stone. If using a baking sheet, just place it in the oven. Bake for 10-12 minutes, or until the crust is golden and crispy, and the cheese is bubbling.

**6. Garnish and serve:**  
Once out of the oven, tear fresh basil leaves and scatter them over the top. Drizzle with a little olive oil for shine and flavor. Let it rest for a minute, then slice and serve hot.

Enjoy your fresh, mushroom- and bell pepper-free Vegetarian Margherita Pizza!",True,,5_11,5,PASS,"The recipe for Vegetarian Margherita Pizza adheres to the vegetarian dietary restriction. It includes ingredients such as pizza dough, fresh tomatoes, mozzarella cheese, basil, olive oil, and optional oregano, all of which are suitable for a vegetarian diet. The recipe explicitly avoids meat and fish, which are not allowed in a vegetarian diet. The preparation method involves baking, which does not introduce any non-vegetarian elements. Additionally, the recipe respects the query's preference by excluding mushrooms and bell peppers.",HIGH,True
Dairy-free but cheese is okay sometimes,dairy-free,"Let's try a **Creamy Tomato Basil Pasta**—a comforting and flavorful dish perfect for 2 servings. It's dairy-free but uses a touch of nutritional yeast for a cheesy flavor boost. Here's how to make it:

### Ingredients:
- 200g (7 oz) spaghetti or your favorite pasta
- 2 tablespoons olive oil
- 3 cloves garlic, minced
- 1 can (14 oz) crushed tomatoes
- 1 teaspoon dried oregano
- 1 teaspoon dried basil (or fresh basil if available)
- 2 tablespoons nutritional yeast (adds cheesy flavor)
- Salt and pepper to taste
- Fresh basil leaves for garnish (optional)
- Red pepper flakes (optional, for a bit of heat)

### Instructions:

1. **Cook the Pasta:**
   - Bring a large pot of salted water to a boil.
   - Add the pasta and cook according to package instructions until al dente, about 8-10 minutes.
   - Reserve ½ cup of pasta water, then drain the pasta and set aside.

2. **Prepare the Sauce:**
   - While the pasta is cooking, heat the olive oil in a large skillet over medium heat.
   - Add the minced garlic and sauté for about 1 minute until fragrant, being careful not to burn it.
   - Pour in the crushed tomatoes and stir well.
   - Add dried oregano, basil, salt, and pepper to taste.
   - Let it simmer gently for about 10 minutes, stirring occasionally.

3. **Finish the Sauce:**
   - Stir in the nutritional yeast, which will give a cheesy depth to the sauce.
   - If the sauce feels too thick, add a splash of the reserved pasta water to loosen it.

4. **Combine and Serve:**
   - Add the cooked pasta to the skillet, tossing to coat evenly in the sauce.
   - Let it cook together for 1-2 minutes to absorb flavors.
   - Garnish with fresh basil leaves and, if you'd like, a sprinkle of red pepper flakes.

### Serving:
Divide the pasta between two plates. Enjoy this delicious, dairy-free, slightly cheesy-tasting dish!

Would you like a different type of recipe next?",True,,47_8,47,PASS,"The recipe for Creamy Tomato Basil Pasta is designed to be dairy-free, as it does not include any traditional dairy products like milk, cheese, or butter. Instead, it uses nutritional yeast to impart a cheesy flavor, which is a common dairy-free alternative. The query mentions that cheese is okay sometimes, but the recipe itself does not include any cheese, adhering strictly to the dairy-free requirement. All other ingredients and methods used in the recipe are consistent with a dairy-free diet.",HIGH,True
Gluten-light recipe - I'm not celiac just sensitive,gluten-free,"Absolutely! Here's a delicious **Garlic Herb Quinoa Salad** that is light on gluten but full of flavor, perfect for a satisfying lunch or dinner for two.

### Garlic Herb Quinoa Salad (Serves 2)

#### Ingredients:
- ¾ cup quinoa
- 1 ½ cups water
- 2 tbsp olive oil
- 3 garlic cloves, minced
- 1 cup cherry tomatoes, halved
- 1 small cucumber, diced
- ¼ cup fresh parsley, chopped
- 2 tbsp fresh lemon juice
- Salt and freshly ground black pepper, to taste
- Optional: crumbled feta cheese or sliced olives for extra flavor

#### Instructions:

1. **Rinse the Quinoa:**
   Place the quinoa in a fine-mesh sieve and rinse thoroughly under cold running water. This removes any bitterness and ensures fluffiness.

2. **Cook the Quinoa:**
   In a medium saucepan, combine the rinsed quinoa and water. Bring to a boil over medium-high heat. Once boiling, reduce the heat to low, cover, and let simmer for about 15 minutes, or until the water is absorbed and the quinoa is fluffy. Remove from heat, and let it sit covered for 5 minutes to finish steaming. Fluff with a fork.

3. **Prepare the Dressing & Vegetables:**
   While the quinoa is cooking, heat 1 tablespoon of olive oil in a small skillet over medium heat. Add minced garlic and sauté for 1-2 minutes until fragrant, taking care not to burn it.

4. **Combine Ingredients:**
   In a large mixing bowl, add the cooked quinoa. Pour over the sautéed garlic and olive oil. Add cherry tomatoes, diced cucumber, chopped parsley, lemon juice, salt, and pepper. Toss gently until well combined.

5. **Taste & Adjust:**
   Adjust seasoning as needed, adding more lemon juice, salt, or pepper according to your preference. For added richness, sprinkle with feta or olives if desired.

6. **Serve:**
   Divide the salad into two bowls or plates. Serve immediately for a fresh experience or chill in the fridge for 30 minutes to enhance flavors.

Enjoy your gluten-light, flavorful quinoa salad! It’s refreshing, healthy, and easy to prepare.",True,,48_11,48,FAIL,"The recipe provided is for a Garlic Herb Quinoa Salad, which uses quinoa as the main grain. Quinoa is naturally gluten-free, making it suitable for a gluten-free diet. The other ingredients listed, such as olive oil, garlic, cherry tomatoes, cucumber, parsley, lemon juice, salt, and pepper, are also gluten-free. The optional ingredients, feta cheese and olives, are typically gluten-free as well. However, the recipe is described as 'gluten-light' rather than 'gluten-free,' which may imply that it is not strictly adhering to a gluten-free standard. Since the dietary restriction specified is 'gluten-free,' the recipe should be strictly free of gluten. The description of the recipe as 'gluten-light' suggests a potential misunderstanding of the dietary restriction, even though the ingredients themselves are gluten-free. Therefore, while the ingredients are appropriate, the labeling and description do not align with a strict gluten-free requirement.",MEDIUM,True
Kosher dessert for Passover,kosher,"Certainly! I recommend making **Coconut Macaroons**, a delightful and easy Passover-friendly dessert that is naturally kosher and gluten-free. Here's a recipe for **Chewy Coconut Macaroons** that serve 2 people (or more if doubled):

### Ingredients:
- 1 ¾ cups shredded unsweetened coconut
- 2 large egg whites
- ½ cup granulated sugar
- ½ teaspoon vanilla extract
- A pinch of salt
- Optional: ½ cup mini chocolate chips (ensure they are kosher for Passover if desired)

### Instructions:

1. **Preheat your oven** to 350°F (175°C). Line a baking sheet with parchment paper for easy removal.

2. **In a mixing bowl**, combine the shredded coconut, sugar, and salt. Mix well to distribute evenly.

3. **In a separate small bowl**, whisk the egg whites until frothy but not stiff, about 30 seconds. Add the vanilla extract and whisk again briefly.

4. **Pour the egg white mixture** into the coconut mixture. Stir thoroughly until all ingredients are well combined and the mixture becomes sticky.

5. **Optional:** Fold in mini chocolate chips for a touch of chocolate.

6. **Using a tablespoon or cookie scoop**, portion out small mounds of the mixture and place them onto the prepared baking sheet, spacing them about 1 inch apart.

7. **Shape each mound** slightly with your hands to form compact balls or oval shapes.

8. **Bake** in the preheated oven for 15-20 minutes, or until the edges are golden brown.

9. **Remove from the oven** and let the macaroons cool on the baking sheet for 5 minutes before transferring to a wire rack to cool completely.

### Serving:
Enjoy these chewy coconut macaroons as a sweet Passover treat! They keep well for several days in an airtight container and are perfect for sharing.

Would you like a different Passover dessert recipe next?",True,,53_11,53,PASS,"The recipe for Chewy Coconut Macaroons adheres to kosher dietary laws, especially for Passover. The ingredients listed, such as shredded unsweetened coconut, egg whites, granulated sugar, vanilla extract, and salt, are all permissible under kosher guidelines. The recipe does not include any leavening agents, which are typically avoided during Passover. Additionally, the optional mini chocolate chips are noted to be kosher for Passover, ensuring compliance if included. The preparation method does not involve any non-kosher practices, and the use of separate bowls for mixing aligns with kosher kitchen practices. Overall, the recipe is suitable for a kosher Passover dessert.",HIGH,True
I'm vegan and gluten-free and also hate vegetables. What can I eat?,vegan,"Given your preferences for a vegan and gluten-free meal, and your dislike of vegetables, I recommend trying a **Vegan Chickpea & Sweet Potato Patties**. They're hearty, flavorful, and easy to make without any vegetables you dislike! 

### Vegan Chickpea & Sweet Potato Patties (Serves 2)

---

#### Ingredients:
- 1 cup canned chickpeas (drained and rinsed)
- 1 large sweet potato (about 1 cup mashed)
- 2 tablespoons gluten-free flour (such as chickpea flour or rice flour)
- 2 tablespoons olive oil
- 1 teaspoon cumin powder
- ½ teaspoon smoked paprika
- Salt and pepper to taste
- Optional: Fresh lemon juice for flavor

---

#### Instructions:

1. **Prepare the Sweet Potato:**
   - Pierce the sweet potato several times with a fork.
   - Microwave on high for 5-6 minutes until tender (or bake at 400°F/200°C for about 45 minutes if you prefer).
   - Let it cool slightly, then peel and mash it in a large bowl until smooth.

2. **Mash the Chickpeas:**
   - In a separate bowl, mash the chickpeas with a fork or potato masher until mostly smooth, leaving some chunks for texture.

3. **Combine the Ingredients:**
   - Add the mashed chickpeas and sweet potato into a mixing bowl.
   - Stir in the gluten-free flour, cumin, smoked paprika, salt, and pepper.
   - Mix well until a sticky dough forms. If it feels too wet, add a little more flour.

4. **Form the Patties:**
   - Divide the mixture into 4 equal portions.
   - Shape each into a patty about ½ inch thick and set aside.

5. **Cook the Patties:**
   - Heat 1 tablespoon of olive oil in a non-stick skillet over medium heat.
   - Carefully place the patties into the skillet and cook for about 4-5 minutes on each side until golden brown and heated through.
   - Add more oil if needed to prevent sticking.

6. **Serve:**
   - Plate the patties and optionally squeeze fresh lemon juice over them for added brightness.
   - They pair well with a side of rice or gluten-free dipping sauce if desired.

---

Enjoy your hearty, vegetable-free, vegan, and gluten-free meal!",True,,29_24,29,PASS,"The recipe for Vegan Chickpea & Sweet Potato Patties adheres to the vegan dietary restriction as it contains no animal products. All ingredients listed, such as chickpeas, sweet potato, gluten-free flour, olive oil, cumin, smoked paprika, salt, and pepper, are plant-based and suitable for a vegan diet. The preparation method does not involve any non-vegan techniques or ingredients. Additionally, the recipe is gluten-free, as it uses gluten-free flour options like chickpea flour or rice flour. The recipe also respects the preference for avoiding vegetables by focusing on chickpeas and sweet potatoes, which are not typically categorized as vegetables in the context of a dislike for leafy greens or other common vegetables.",HIGH,True
Vegetarian pizza but I don't like mushrooms or bell peppers,vegetarian,"Certainly! Here's a delightful vegetarian pizza recipe that skips mushrooms and bell peppers but is still bursting with flavor: **Sun-Dried Tomato, Spinach, and Feta Pizza**.

### Ingredients:
- 1 pre-made pizza dough (about 250g for 2 people)
- 1/4 cup sun-dried tomatoes (packed in oil, drained and sliced)
- 1 cup fresh spinach leaves, roughly chopped
- 1/2 cup crumbled feta cheese
- 2 tablespoons olive oil
- 2 cloves garlic, minced
- Salt and black pepper to taste
- Optional: Fresh basil leaves for garnish

### Instructions:

1. **Preheat the Oven:**
   - Set your oven to 220°C (430°F). Place a rack in the middle; if you have a pizza stone, place it in the oven to heat up as well.

2. **Prepare the Pizza Dough:**
   - Roll out the pizza dough on a floured surface into a 12-inch circle. Transfer it to a parchment-lined baking sheet or a preheated pizza stone for crispy results.

3. **Create Garlic Oil:**
   - In a small bowl, mix the olive oil with minced garlic, a pinch of salt, and black pepper. Let it sit for a few minutes to infuse.

4. **Assemble the Pizza:**
   - Lightly brush the rolled-out dough with the garlic-infused olive oil.
   - Evenly distribute the chopped spinach over the dough.
   - Spread the sliced sun-dried tomatoes across the top.
   - Garnish with crumbled feta cheese.

5. **Bake the Pizza:**
   - Transfer the pizza to the oven (or onto your preheated pizza stone).
   - Bake for 12-15 minutes, until the crust is golden brown, cheese is slightly bubbling, and the edges are crispy.

6. **Finish and Serve:**
   - Remove from the oven and let sit for a couple of minutes.
   - Optionally, garnish with fresh basil leaves.
   - Slice and serve hot.

Enjoy your vibrant and flavorful vegetarian sun-dried tomato, spinach, and feta pizza!",True,,5_32,5,PASS,"The recipe provided is for a vegetarian pizza, which means it should not contain any meat or fish. The ingredients listed include pre-made pizza dough, sun-dried tomatoes, fresh spinach, feta cheese, olive oil, garlic, salt, black pepper, and optional fresh basil leaves. All these ingredients are suitable for a vegetarian diet. The recipe does not include any meat or fish, and the use of feta cheese is acceptable in a vegetarian diet as it is a dairy product. The preparation method involves baking, which does not introduce any non-vegetarian elements. Therefore, the recipe adheres to the vegetarian dietary restriction.",HIGH,True
I'm on a sugar-free diet but I want to make candy,sugar-free,"Certainly! How about trying a simple and delicious Sugar-Free Coconut Lemon Chews? They're naturally sweetened with a touch of honey or your preferred natural sweetener, and they have a refreshing citrus flavor. Here's how to make them for 2 servings:

**Ingredients:**
- 1 cup shredded unsweetened coconut
- 2 tablespoons lemon juice (freshly squeezed)
- 1 tablespoon honey or maple syrup (optional, for natural sweetness)
- Zest of 1 lemon
- 1 tablespoon coconut oil
- A pinch of salt
- Unsweetened shredded coconut (for coating)

**Instructions:**

1. **Prepare the Mixture:**  
   In a mixing bowl, combine the shredded coconut, lemon zest, and a pinch of salt. Add the coconut oil and stir until the mixture becomes slightly clumpy.

2. **Add Citrus and Sweetener:**  
   Pour in the lemon juice and honey (or maple syrup if using). Mix thoroughly until the mixture is sticky and well combined. If it feels too dry, add a tiny bit more lemon juice or honey; if too wet, add a little more shredded coconut.

3. **Form the Chews:**  
   Using clean hands, shape the mixture into small, bite-sized rectangles or balls. You can also use a silicone mold for more uniform shapes.

4. **Coat with Shredded Coconut:**  
   Roll each piece in the extra shredded coconut to give a nice coating and enhance the texture.

5. **Chill:**  
   Place the chews on a plate or tray lined with parchment paper, then refrigerate for about 30 minutes to firm up.

6. **Serve:**  
   Enjoy your fresh, sugar-free coconut lemon chews as a delightful treat!

**Note:** These candies are best kept refrigerated and enjoyed within 3-4 days. Perfect for a sweet craving without added sugars!

Would you like to explore a different flavor or ingredient?",True,,26_30,26,FAIL,"The recipe response suggests using honey or maple syrup as a sweetener, both of which are sources of added sugars. A sugar-free diet requires avoiding added sugars, and while the recipe offers the option to use a 'preferred natural sweetener,' the inclusion of honey or maple syrup as an option violates the sugar-free dietary restriction. The recipe does not explicitly suggest a sugar-free alternative sweetener like stevia or erythritol, which would be more appropriate for a sugar-free diet.",HIGH,True
I need a vegan recipe for Thanksgiving dinner that will satisfy my very traditional meat-and-potatoes family who think vegetables are what food eats. They're coming to my house this year and I can't serve turkey but I also can't have them leaving hungry and complaining about rabbit food,vegan,"Absolutely! I recommend preparing a hearty and flavorful Vegan Mushroom & Walnut Wellington. It’s a show-stopping, savory dish that mimics the richness of meat, packed with umami flavors, and perfect for satisfying traditional meat-and-potatoes fans. Plus, it’s impressive enough for Thanksgiving and beautifully presents as the centerpiece. Here’s the recipe for 2 people:

### Vegan Mushroom & Walnut Wellington

#### Ingredients:
- 1 sheet of vegan puff pastry (thawed if frozen)
- 1 cup walnuts, chopped
- 2 cups mixed mushrooms (such as cremini, shiitake, or button), chopped
- 1 small onion, finely chopped
- 2 cloves garlic, minced
- 2 tablespoons soy sauce or tamari
- 1 tablespoon olive oil
- 1 teaspoon fresh thyme or ½ teaspoon dried thyme
- ½ teaspoon smoked paprika (optional, for smoky flavor)
- Salt and pepper to taste
- 1 tablespoon nutritional yeast (optional, for cheesy depth)
- 1 tablespoon plant-based butter or margarine
- 1 egg replacer (like ground flaxseed mixed with water) for sealing (or use a little water for sealing)
- Fresh parsley, chopped (for garnish)

---

### Instructions:

1. **Preheat the Oven:**
   - Set your oven to 400°F (200°C). Line a baking sheet with parchment paper.

2. **Prepare the Mushroom & Walnut Filling:**
   - In a large skillet, heat olive oil over medium heat.
   - Add the chopped onion and sauté for about 3-4 minutes until translucent.
   - Stir in the garlic and cook for another minute until fragrant.
   - Add the chopped mushrooms, thyme, smoked paprika (if using), salt, and pepper.
   - Cook for 8-10 minutes, stirring occasionally, until the mushrooms release their moisture and become tender.
   - Stir in the soy sauce or tamari and cook for 2 more minutes to deepen the flavor.
   
3. **Add the Walnuts:**
   - Mix the chopped walnuts into the mushroom mixture.
   - Sprinkle with nutritional yeast if using, and cook for another 1-2 minutes.
   - Remove from heat and let it cool slightly to handle.

4. **Assemble the Wellington:**
   - Roll out your puff pastry on a lightly floured surface to smooth out the creases.
   - Place the mushroom and walnut filling in the center of the pastry in a log shape, leaving about 1 inch border on all sides.
   - Fold the pastry over the filling, sealing the edges by pressing with a fork or pinching together.
   - If needed, use a little water or flax egg along the edges to help seal.

5. **Bake:**
   - Place the assembled Wellington seam-side down on the prepared baking sheet.
   - Brush the top lightly with melted plant-based butter or a little water for a golden finish.
   - Cut a few small slits on top with a knife to allow steam to escape.
   - Bake for 25-30 minutes until golden brown and crispy.

6. **Serve:**
   - Let it rest for 5 minutes after baking.
   - Garnish with chopped fresh parsley.
   - Slice and serve with hearty mashed potatoes, roasted vegetables, or cranberry sauce for a full Thanksgiving plate.

This dish delivers a robust, satisfying flavor with a satisfying texture that closely aligns with traditional savory mains, without any meat. It’s sure to impress your family and keep everyone full and happy!",True,,31_37,31,PASS,"The recipe for Vegan Mushroom & Walnut Wellington adheres to the vegan dietary restriction. It uses a vegan puff pastry, which is specified as vegan, ensuring no animal products are included. The filling consists of mushrooms, walnuts, onion, garlic, soy sauce or tamari, olive oil, thyme, smoked paprika, nutritional yeast, and plant-based butter, all of which are vegan-friendly ingredients. The recipe also suggests using an egg replacer or water for sealing the pastry, avoiding the use of real eggs. The preparation method does not involve any non-vegan techniques or ingredients. Therefore, the recipe is suitable for a vegan diet.",HIGH,True
Raw vegan salad that doesn't taste like grass,raw vegan,"Absolutely! Here's a flavorful raw vegan salad that is fresh, vibrant, and full of delicious ingredients—without tasting grassy or dull. It’s a Spinach & Mango Salad with a zesty citrus dressing, perfect for 2 servings.

### Ingredients:
- 4 cups fresh baby spinach leaves
- 1 ripe mango, peeled and diced
- 1/2 red bell pepper, thinly sliced
- 1 small cucumber, thinly sliced
- 1/4 small red onion, thinly sliced
- 1/4 cup chopped fresh cilantro (optional)
- 1/4 cup toasted sunflower seeds or chopped nuts (for crunch)

**For the dressing:**
- 2 tablespoons freshly squeezed orange juice
- 1 tablespoon lemon juice
- 1 teaspoon maple syrup or agave nectar
- 1 tablespoon olive oil
- Salt and pepper to taste

### Instructions:
1. **Prepare the ingredients:** Start by washing the baby spinach leaves thoroughly and draining them well. Peel and dice the mango into small cubes. Thinly slice the red bell pepper, cucumber, and red onion.

2. **Make the dressing:** In a small bowl, whisk together the orange juice, lemon juice, maple syrup, and olive oil until well combined. Add a pinch of salt and pepper to taste. Adjust the sweetness or acidity if needed.

3. **Assemble the salad:** In a large salad bowl, combine the spinach, mango, red bell pepper, cucumber, and red onion. If using cilantro, sprinkle it over the top.

4. **Dress the salad:** Pour the citrus dressing over the salad and gently toss everything together to evenly coat the ingredients.

5. **Add crunch:** Sprinkle toasted sunflower seeds or your preferred chopped nuts on top for added texture and flavor.

6. **Serve immediately:** Divide the salad into two plates and enjoy fresh, juicy, and flavorful bites that don’t taste grassy but refreshing and satisfying.

Enjoy your vibrant raw vegan salad packed with natural sweetness and zest!",True,,9_25,9,PASS,"The recipe adheres to the raw vegan dietary restriction as it includes only plant-based ingredients and does not involve cooking methods that exceed 118°F (48°C). The ingredients listed, such as fresh baby spinach, mango, red bell pepper, cucumber, red onion, and cilantro, are all raw and vegan. The dressing components, including orange juice, lemon juice, maple syrup or agave nectar, and olive oil, are also raw and vegan-friendly. The use of toasted sunflower seeds or chopped nuts could be a concern if they are not raw; however, the recipe allows for the use of raw nuts as an alternative. Therefore, the recipe can be adjusted to ensure compliance with the raw vegan restriction by using raw nuts instead of toasted ones.",HIGH,True
